"10114523";0.00;3449.99;0.00;"99";1904/08/31;"010401252";1996/02/01;"I"
"10562886";0.00;0.00;0.00;"99";1999/12/31;"010101207";1996/02/01;"I"
"10770826";60.00;3246.11;2011.46;"99";1904/08/31;"060100911";1996/02/01;"A"
"10774258";0.00;0.00;0.00;"99";1999/12/31;"050700747";1996/02/01;"I"
"10774288";0.00;0.00;0.00;"99";/  /;"010100706";1996/02/01;"I"
"10775474";20.00;0.00;1193.52;"99";/  /;"010400761";1996/02/01;"A"
"1108625";1.00;0.00;459.29;"99";/  /;"010200057";1996/02/01;"A"
"11263809";0.00;0.00;0.00;"99";1999/12/31;"010201072";1996/02/01;"I"
"11265385";5.00;0.00;773.31;"99";/  /;"010601034";1996/02/01;"A"
"11364701";0.00;0.00;0.00;"99";1999/12/31;"070201181";1996/02/01;"I"
"11431902";1.00;0.00;458.11;"99";/  /;"051001100";1996/02/01;"A"
"11593583";0.00;0.00;2387.78;"99";/  /;"010501214";1996/02/01;"I"
"11783415";0.00;0.00;0.00;"99";1999/12/31;"050701074";1996/02/01;"I"
"1180900";0.00;1856.46;208455.29;"99";1904/08/31;"090400276";1996/02/01;"I"
"12025914";5.00;0.00;1252.48;"99";/  /;"010201189";1996/02/01;"A"
"12434585";0.00;1300.96;0.00;"99";1904/08/31;"010101206";1996/02/01;"I"
"1274542";1.00;0.00;452.47;"99";/  /;"050600243";1996/02/01;"A"
"1407002";1.00;0.00;311.32;"99";/  /;"030400113";1996/02/01;"A"
"2196204";0.00;0.00;0.00;"99";1999/12/31;"030300266";1996/02/01;"I"
"2233126";0.00;0.00;1969.76;"99";/  /;"060300002";1996/02/01;"I"
"2380654";1000.00;0.00;6625.99;"99";/  /;"010400110";1996/02/01;"A"
"2544174";30.00;0.00;2812.59;"99";/  /;"010500093";1996/02/01;"A"
"2544519";0.00;3322.04;0.00;"99";1904/08/31;"010400597";1996/02/01;"I"
"2567060";50.00;0.00;2638.59;"99";/  /;"070700507";1996/02/01;"A"
"2772345";0.00;760.38;89970.84;"99";1904/08/31;"070700184";1996/02/01;"I"
"2867290";50.00;0.00;4645.49;"99";/  /;"070200191";1996/02/01;"A"
"2914110";5.00;0.00;887.32;"99";/  /;"040300125";1996/02/01;"A"
"2916519";0.00;0.00;3108.92;"99";/  /;"050600139";1996/02/01;"I"
"2916955";0.00;0.00;0.00;"99";1999/12/31;"010300075";1996/02/01;"I"
"3077406";1.00;0.00;455.72;"99";/  /;"040300126";1996/02/01;"A"
"3081943";0.00;0.00;0.00;"99";1999/12/31;"060100151";1996/02/01;"I"
"3082238";1.00;0.00;465.84;"99";/  /;"010400086";1996/02/01;"A"
"3082513";3000.00;0.00;0.00;"99";1999/12/31;"070100179";1996/02/01;"A"
"3082666";0.00;0.00;0.00;"99";1999/12/31;"010100288";1996/02/01;"I"
"3122052";0.00;0.00;365.69;"99";/  /;"010400741";1996/02/01;"I"
"3228984";0.00;0.00;4346.10;"99";/  /;"070200192";1996/02/01;"I"
"3244024";10.00;0.00;1219.25;"99";/  /;"070100185";1996/02/01;"A"
"3316765";0.00;0.00;0.00;"99";1999/12/31;"070200511";1996/02/01;"I"
"3317400";0.00;0.00;0.00;"99";1904/07/31;"050500492";1996/02/01;"I"
"3323265";0.00;0.00;6985.52;"99";1999/12/31;"010300064";1996/02/01;"I"
"3324826";0.00;0.00;4458.03;"99";/  /;"100101127";1996/02/01;"I"
"3324912";0.00;0.00;0.00;"99";1904/07/31;"010401173";1996/02/01;"I"
"3445497";1.00;0.00;455.78;"99";/  /;"010700567";1996/02/01;"A"
"3485496";10.00;0.00;985.03;"99";/  /;"010400089";1996/02/01;"A"
"3528391";0.00;0.00;0.00;"99";1999/12/31;"010300081";1996/02/01;"I"
"3534219";0.00;1579.37;0.00;"99";1904/08/31;"100100204";1996/02/01;"I"
"3538498";1.00;0.00;465.84;"99";/  /;"010401015";1996/02/01;"A"
"3539516";0.00;0.00;0.00;"99";1999/12/31;"010100011";1996/02/01;"I"
"3540648";10.00;0.00;1981.14;"99";/  /;"010500101";1996/02/01;"A"
"3541483";1000.00;0.00;6043.85;"99";/  /;"010500103";1996/02/01;"A"
"3541945";10.00;0.00;840.18;"99";/  /;"040300008";1996/02/01;"A"
"3542014";20.00;0.00;2331.84;"99";/  /;"040200721";1996/02/01;"A"
"3542171";0.00;0.00;417.35;"99";/  /;"010400813";1996/02/01;"I"
"3542820";50.00;0.00;3006.29;"99";/  /;"090600211";1996/02/01;"A"
"3542822";100.00;0.00;784.04;"99";/  /;"040200117";1996/02/01;"A"
"3855146";10.00;0.00;1753.53;"99";/  /;"010200652";1996/02/01;"A"
"3856676";0.00;2899.78;0.00;"99";1904/08/31;"010200583";1996/02/01;"I"
"3857276";1.00;0.00;445.71;"99";/  /;"020100357";1996/02/01;"A"
"3858848";1.00;0.00;445.71;"99";/  /;"010200704";1996/02/01;"A"
"3861029";0.00;4489.50;0.00;"99";1904/08/31;"060100147";1996/02/01;"I"
"3862794";10.00;0.00;637.21;"99";/  /;"010300073";1996/02/01;"A"
"3877161";1000.00;0.00;2665.71;"99";/  /;"010500095";1996/02/01;"A"
"3878237";30.00;0.00;2472.19;"99";/  /;"010100017";1996/02/01;"A"
"3907023";2000.00;0.00;3944.35;"99";/  /;"010500102";1996/02/01;"A"
"3983557";2000.00;0.00;2210.48;"99";/  /;"030400260";1996/02/01;"A"
"4007325";1.00;0.00;301.19;"99";/  /;"010100324";1996/02/01;"A"
"4064492";1.00;0.00;311.04;"99";/  /;"010300078";1996/02/01;"A"
"4064662";1.00;0.00;465.84;"99";/  /;"010100020";1996/02/01;"A"
"4066084";0.00;10381.72;0.00;"99";1904/08/31;"010300067";1996/02/01;"I"
"4066260";0.00;0.00;0.00;"99";1999/12/31;"010100023";1996/02/01;"I"
"4066354";0.00;0.00;0.00;"99";1999/12/31;"060300602";1996/02/01;"I"
"4068448";5.00;0.00;1224.97;"99";/  /;"010400088";1996/02/01;"A"
"4071010";10.00;0.00;2677.06;"99";/  /;"070700176";1996/02/01;"A"
"4072357";0.00;0.00;0.00;"99";1999/12/31;"040300821";1996/02/01;"I"
"4181269";0.00;0.00;434.41;"99";/  /;"010501081";1996/02/01;"A"
"4194070";1.00;0.00;445.71;"99";/  /;"010300655";1996/02/01;"A"
"4196002";0.00;0.00;0.00;"99";1999/12/31;"010700463";1996/02/01;"I"
"4200333";0.00;0.00;0.00;"99";1999/12/31;"010200369";1996/02/01;"I"
"4265754";0.00;880.78;0.00;"99";1904/08/31;"010500939";1996/02/01;"I"
"4342629";0.00;0.00;0.00;"99";1999/12/31;"040201224";1996/02/01;"I"
"4377852";1.00;0.00;459.29;"99";/  /;"051000432";1996/02/01;"A"
"4379516";0.00;1739.05;0.00;"99";1904/08/31;"010500416";1996/02/01;"I"
"4379736";3.00;0.00;961.04;"99";/  /;"040200745";1996/02/01;"A"
"4383705";500.00;0.00;6800.21;"99";/  /;"050700728";1996/02/01;"A"
"4385880";10.00;0.00;1619.91;"99";/  /;"010200533";1996/02/01;"A"
"4386634";1.00;0.00;459.29;"99";/  /;"010300562";1996/02/01;"A"
"4720097";1.00;0.00;465.84;"99";/  /;"010500498";1996/02/01;"A"
"4720396";0.00;1837.76;0.00;"99";1904/08/31;"040200119";1996/02/01;"I"
"4726393";0.00;0.00;0.00;"99";1999/12/31;"010300564";1996/02/01;"I"
"4728365";1.00;0.00;445.71;"99";/  /;"010201104";1996/02/01;"A"
"4729290";0.00;0.00;3100.39;"99";/  /;"010300059";1996/02/01;"I"
"4730282";1.00;0.00;445.71;"99";/  /;"010401084";1996/02/01;"A"
"4731284";0.00;0.00;0.00;"99";1999/12/31;"070200648";1996/02/01;"I"
"4736352";10000.00;0.00;6084.17;"99";/  /;"010300062";1996/02/01;"A"
"4737600";0.00;0.00;0.00;"99";1999/12/31;"010500828";1996/02/01;"I"
"4738399";0.00;0.00;3432.03;"99";/  /;"010300513";1996/02/01;"I"
"4739646";10.00;0.00;1655.56;"99";/  /;"010401176";1996/02/01;"A"
"4797018";20000.00;0.00;16435.38;"99";/  /;"010300001";1996/02/01;"A"
"4803667";1.00;0.00;179.15;"99";/  /;"010700594";1996/02/01;"A"
"4805580";0.00;0.00;354.36;"99";/  /;"030301146";1996/02/01;"A"
"4836843";0.00;0.00;0.00;"99";1999/09/30;"010700624";1996/02/01;"I"
"519879";0.00;0.00;1872.88;"99";/  /;"030400358";1996/02/01;"A"
"5242622";0.00;7.01;0.00;"99";1904/08/31;"010600104";1996/02/01;"I"
"5243733";2000.00;0.00;4503.80;"99";/  /;"051000449";1996/02/01;"A"
"5245003";300.00;0.00;736.53;"99";/  /;"060100159";1996/02/01;"A"
"5246076";0.00;0.00;0.00;"99";1999/12/31;"010600105";1996/02/01;"I"
"5248742";0.00;0.00;0.00;"99";1999/12/31;"010100030";1996/02/01;"I"
"5250823";0.00;0.00;0.00;"99";1999/12/31;"060300166";1996/02/01;"I"
"5251109";0.00;980.90;0.00;"99";1904/08/31;"070701007";1996/02/01;"I"
"5261018";0.00;0.00;0.00;"99";1904/07/31;"010300636";1996/02/01;"I"
"5314714";1.00;0.00;445.71;"99";/  /;"020100595";1996/02/01;"A"
"5323487";0.00;0.00;0.00;"99";1999/12/31;"050400005";1996/02/01;"I"
"5542763";0.00;3194.68;0.00;"99";1904/08/31;"010200525";1996/02/01;"I"
"5765143";0.00;0.00;0.00;"99";1999/12/31;"010101011";1996/02/01;"I"
"5930501";0.00;0.00;0.00;"99";1999/12/31;"060100892";1996/02/01;"I"
"6011451";150.00;0.00;2809.38;"99";/  /;"010100972";1996/02/01;"A"
"7301589";0.00;0.00;0.00;"99";1999/12/31;"010300003";1996/02/01;"I"
"7303060";0.00;0.00;0.00;"99";1999/12/31;"010500098";1996/02/01;"I"
"7309374";20.00;0.00;1825.72;"99";/  /;"010500959";1996/02/01;"A"
"7313918";0.00;0.00;381.25;"99";/  /;"050800626";1996/02/01;"I"
"7314731";10.00;0.00;2326.37;"99";/  /;"010500229";1996/02/01;"A"
"7316940";5.00;0.00;1491.11;"99";/  /;"060100930";1996/02/01;"A"
"7319870";0.00;0.00;985.71;"99";/  /;"050500138";1996/02/01;"I"
"7319905";0.00;0.00;0.00;"99";1999/12/31;"030400298";1996/02/01;"I"
"7323089";1.00;0.00;459.30;"99";/  /;"010600962";1996/02/01;"A"
"7332411";0.00;4772.51;0.00;"99";1904/08/31;"040200578";1996/02/01;"I"
"7336501";2.00;0.00;502.78;"99";/  /;"010200992";1996/02/01;"A"
"7342071";30.00;0.00;2530.54;"99";/  /;"010400833";1996/02/01;"A"
"7344293";1.00;0.00;445.71;"99";/  /;"010400893";1996/02/01;"A"
"7347892";10.00;0.00;1738.90;"99";/  /;"050700599";1996/02/01;"A"
"7351308";1.00;0.00;459.30;"99";/  /;"040200926";1996/02/01;"A"
"7355968";0.00;1739.05;0.00;"99";1904/08/31;"010600990";1996/02/01;"I"
"7357051";0.00;1283.12;0.00;"99";1904/08/31;"010500447";1996/02/01;"I"
"7363618";0.00;1778.84;0.00;"99";1904/08/31;"010101132";1996/02/01;"I"
"7375966";5000.00;0.00;3326.45;"99";/  /;"010600983";1996/02/01;"A"
"7377168";0.00;0.00;0.00;"99";1999/12/31;"060100957";1996/02/01;"I"
"7377253";1.00;0.00;465.84;"99";/  /;"030300521";1996/02/01;"A"
"7380377";0.00;0.00;0.00;"99";1999/12/31;"010600874";1996/02/01;"I"
"7384592";0.00;0.00;0.00;"99";1999/12/31;"010201154";1996/02/01;"I"
"7387921";0.00;0.00;0.00;"99";1999/12/31;"010100616";1996/02/01;"I"
"7388980";10.00;0.00;2072.19;"99";/  /;"010401251";1996/02/01;"A"
"7394359";1.00;0.00;452.49;"99";/  /;"060100762";1996/02/01;"A"
"7400913";0.00;0.00;455.52;"99";1999/12/31;"040200318";1996/02/01;"I"
"7413385";0.00;2888.33;0.00;"99";1904/08/31;"050700537";1996/02/01;"I"
"7415319";300.00;0.00;728.49;"99";/  /;"090401109";1996/02/01;"A"
"7415522";30000.00;0.00;7923.46;"99";/  /;"010500938";1996/02/01;"A"
"7416152";0.00;1114.52;0.00;"99";1904/08/31;"010601085";1996/02/01;"I"
"7422563";0.00;673.83;0.00;"99";1904/08/31;"010200484";1996/02/01;"I"
"7435131";100.00;5932.86;3770.50;"99";1904/08/31;"040201226";1996/02/01;"A"
"7438017";2.00;0.00;478.79;"99";/  /;"040301271";1996/02/01;"A"
"7450726";0.00;0.00;0.00;"99";1999/12/31;"030300267";1996/02/01;"I"
"7469015";5.00;0.00;667.16;"99";/  /;"010100970";1996/02/01;"A"
"7829633";0.00;0.00;445.71;"99";/  /;"010500541";1996/02/01;"I"
"7834681";1.00;0.00;458.97;"99";/  /;"100901266";1996/02/01;"A"
"7913972";10.00;0.00;1602.28;"99";/  /;"050300956";1996/02/01;"A"
"8065284";2.00;0.00;891.31;"99";/  /;"050500474";1996/02/01;"A"
"8497559";0.00;0.00;598.20;"99";/  /;"010500545";1996/02/01;"I"
"8566455";0.00;2522.57;0.00;"99";1904/08/31;"060301010";1996/02/01;"I"
"9503857";150.00;0.00;1913.53;"99";/  /;"040201142";1996/02/01;"A"
"9540437";1000.00;0.00;1236.19;"99";/  /;"050900544";1996/02/01;"A"
"9543164";1.00;0.00;459.30;"99";/  /;"010601094";1996/02/01;"A"
"9554495";1.00;0.00;458.97;"99";/  /;"040200689";1996/02/01;"A"
"9556299";1.00;0.00;445.71;"99";/  /;"050700245";1996/02/01;"A"
"9556488";1.00;0.00;445.71;"99";/  /;"010500540";1996/02/01;"A"
"9559123";100.00;0.00;4143.31;"99";/  /;"040200720";1996/02/01;"A"
"9575091";10000.00;3871.58;2092.49;"99";1904/08/31;"010200836";1996/02/01;"A"
"9577900";1.00;0.00;235.39;"99";/  /;"010100885";1996/02/01;"A"
"9600839";0.00;0.00;1520.85;"99";1904/07/31;"010400924";1996/02/01;"A"
"9601246";0.00;0.00;0.00;"99";1999/12/31;"040300884";1996/02/01;"I"
"9615933";0.00;6903.78;0.00;"99";1904/08/31;"040100960";1996/02/01;"I"
"9620903";1000.00;0.00;1763.52;"99";/  /;"010400915";1996/02/01;"A"
"9627225";0.00;1794.89;0.00;"99";1904/08/31;"010201125";1996/02/01;"I"
"9628286";1.00;0.00;319.78;"99";/  /;"051000949";1996/02/01;"A"
"10128563";0.00;0.00;0.00;"99";1999/12/31;"010800680";1996/03/01;"I"
"10558420";200.00;0.00;1451.60;"99";/  /;"070500996";1996/03/01;"A"
"1127616";0.00;0.00;1405.29;"99";/  /;"010100809";1996/03/01;"A"
"1276751";10.00;0.00;1326.91;"99";/  /;"070500313";1996/03/01;"A"
"2608876";5.00;0.00;2194.06;"99";/  /;"040400520";1996/03/01;"A"
"3316970";2.00;0.00;508.59;"99";/  /;"100800217";1996/03/01;"A"
"3538916";0.00;0.00;1.65;"99";/  /;"010100044";1996/03/01;"I"
"3784500";1.00;0.00;458.96;"99";/  /;"010100414";1996/03/01;"A"
"3786137";1.00;0.00;458.97;"99";/  /;"010800975";1996/03/01;"A"
"3859350";0.00;0.00;0.00;"99";1999/12/31;"010300063";1996/03/01;"I"
"3861256";10.00;0.00;335.24;"99";1999/12/31;"010100738";1996/03/01;"A"
"4066029";5.00;0.00;1141.89;"99";/  /;"010100326";1996/03/01;"A"
"4165174";0.00;0.00;4814.11;"99";/  /;"050700140";1996/03/01;"A"
"4385612";0.00;0.00;1368.69;"99";/  /;"010300080";1996/03/01;"I"
"4733094";0.00;0.00;1895.66;"99";1904/07/31;"010200420";1996/03/01;"I"
"5439837";0.00;1816.66;0.00;"99";1904/08/31;"090101095";1996/03/01;"I"
"5930540";0.00;1091.89;0.00;"99";1904/08/31;"010201297";1996/03/01;"I"
"7304727";1.00;0.00;210.41;"99";/  /;"010100031";1996/03/01;"A"
"7355786";0.00;1737.06;0.00;"99";1904/08/31;"010800875";1996/03/01;"I"
"7378949";0.00;493.33;0.00;"99";1904/08/31;"010101137";1996/03/01;"I"
"7398934";0.00;3591.67;0.00;"99";1904/08/31;"010301060";1996/03/01;"I"
"7401423";10000.00;6009.60;5963.71;"99";1904/08/31;"010301049";1996/03/01;"A"
"7420840";1.00;0.00;438.82;"99";/  /;"050801296";1996/03/01;"A"
"7422692";300.00;0.00;7517.32;"99";/  /;"040301299";1996/03/01;"A"
"7455169";2.00;0.00;897.29;"99";/  /;"030300974";1996/03/01;"A"
"7462097";1.00;0.00;458.96;"99";/  /;"090100411";1996/03/01;"A"
"7469325";0.00;0.00;0.00;"99";1999/12/31;"050601073";1996/03/01;"I"
"9555523";1.00;0.00;455.28;"99";/  /;"010201292";1996/03/01;"A"
"5245867";0.00;339.41;0.00;"99";1904/08/31;"010300775";1996/04/01;"I"
"1261677";0.00;1167.27;0.00;"99";1904/08/31;"100100203";1996/04/01;"I"
"1258062";15.00;0.00;1775.81;"99";/  /;"060100153";1996/04/01;"A"
"11785233";0.00;0.00;0.00;"99";1999/12/31;"010101153";1996/04/01;"I"
"3860660";0.00;3433.59;0.00;"99";1904/08/31;"010300618";1996/04/01;"I"
"7347644";0.00;0.00;0.00;"99";1999/12/31;"060300169";1996/04/01;"I"
"4071768";0.00;0.00;0.00;"99";1999/12/31;"010100234";1996/04/01;"I"
"7365735";3.00;0.00;536.06;"99";/  /;"010201012";1996/04/01;"A"
"13035497";2.00;0.00;625.20;"99";/  /;"010101287";1996/04/01;"A"
"5242112";0.00;0.00;0.00;"99";1999/12/31;"070300007";1996/05/02;"I"
"4477742";20.00;0.00;1560.99;"99";/  /;"030400255";1996/05/02;"A"
"12021961";10.00;0.00;700.14;"99";/  /;"010101305";1996/05/02;"A"
"7435639";0.00;0.00;261.79;"99";/  /;"010401300";1996/05/02;"A"
"11432419";0.00;0.00;513.03;"99";/  /;"010100917";1996/05/02;"I"
"7327349";0.00;0.00;0.00;"99";1999/12/31;"030200865";1996/05/02;"I"
"7378660";0.00;0.00;0.00;"99";1999/12/31;"050500587";1996/05/02;"I"
"11593238";1.00;0.00;173.65;"99";/  /;"010300677";1996/06/01;"A"
"4813720";0.00;0.00;0.00;"99";1999/12/31;"010200948";1996/06/01;"I"
"3382146";0.00;1659.90;0.00;"99";1904/08/31;"010300424";1996/06/01;"I"
"7405520";20.00;0.00;1469.77;"99";/  /;"010300801";1996/06/01;"A"
"4726145";1.00;0.00;432.02;"99";/  /;"010300223";1996/06/01;"A"
"7315124";100.00;0.00;1664.25;"99";/  /;"010300010";1996/06/01;"A"
"4064412";5.00;0.00;1217.90;"99";/  /;"010300060";1996/06/01;"A"
"4729850";1.00;0.00;438.57;"99";/  /;"010300224";1996/06/01;"A"
"2535926";0.00;8247.80;0.00;"99";1904/08/31;"040200118";1996/06/01;"I"
"10847219";20.00;0.00;2448.83;"99";/  /;"010400777";1996/06/01;"A"
"4373230";0.00;0.00;0.00;"99";1999/12/31;"060100601";1996/06/01;"I"
"5747878";20.00;0.00;4440.21;"99";/  /;"010201306";1996/06/01;"A"
"3913755";100.00;0.00;645.24;"99";/  /;"050700476";1996/06/01;"A"
"3858530";1.00;0.00;432.04;"99";/  /;"010100388";1996/06/01;"A"
"4070330";300.00;0.00;3692.04;"99";/  /;"080100340";1996/06/01;"A"
"12449714";0.00;0.00;0.00;"99";1999/12/31;"060101309";1996/07/01;"I"
"7451862";2.00;0.00;864.12;"99";/  /;"040401311";1996/07/01;"A"
"3863741";0.00;0.00;0.00;"99";1904/07/31;"010301308";1996/07/01;"I"
"7387375";2.00;0.00;864.12;"99";/  /;"060101307";1996/07/01;"A"
"7439079";40.00;1333.65;2157.62;"99";1904/08/31;"040301055";1996/07/01;"A"
"3088643";0.00;0.00;0.00;"99";1999/12/31;"010200461";1996/07/01;"I"
"7581406";500.00;0.00;12395.48;"99";/  /;"030200842";1996/07/01;"A"
"7410581";200.00;0.00;2749.44;"99";/  /;"090600560";1996/07/01;"A"
"8183394";0.00;0.00;0.00;"99";1999/12/31;"010300898";1996/07/01;"I"
"7317649";50.00;0.00;3204.73;"99";/  /;"050200465";1996/07/01;"A"
"4802996";0.00;0.00;0.00;"99";1998/11/30;"010400291";1996/08/04;"I"
"648182";0.00;0.00;0.00;"99";1999/12/31;"050200850";1996/09/01;"I"
"5258876";1000.00;0.00;1071.96;"99";/  /;"010100419";1996/09/01;"A"
"7300089";10.00;0.00;1673.86;"99";/  /;"080100314";1996/09/01;"A"
"8925124";0.00;887.50;0.00;"99";1904/08/31;"040201262";1996/10/01;"I"
"3212184";10.00;0.00;3081.21;"99";/  /;"040200398";1996/10/01;"A"
"5059359";0.00;5919.81;0.00;"99";1904/08/31;"040201076";1996/10/01;"I"
"4378335";0.00;0.00;0.00;"99";1999/12/31;"010300423";1996/10/01;"I"
"5010790";0.00;0.00;0.00;"99";1999/12/31;"050200180";1996/10/01;"I"
"4064670";10.00;0.00;963.45;"99";/  /;"030400559";1996/10/01;"A"
"7413316";0.00;821.03;0.00;"99";1997/10/31;"060100767";1996/11/01;"I"
"2917807";20.00;0.00;3987.25;"99";/  /;"050200236";1996/11/01;"A"
"7355917";1.00;0.00;407.08;"99";/  /;"010600550";1996/11/01;"A"
"9625856";10.00;0.00;760.93;"99";/  /;"050501077";1996/11/01;"A"
"3318415";1000.00;0.00;2618.18;"99";/  /;"010200221";1996/11/01;"A"
"5363814";5000.00;0.00;5476.76;"99";/  /;"040301315";1996/11/01;"A"
"9576160";5.00;0.00;1476.97;"99";/  /;"030200989";1996/11/01;"A"
"2603795";100.00;0.00;2229.25;"99";/  /;"010500094";1996/11/01;"A"
"2535194";0.00;0.00;392.67;"99";/  /;"040200123";1996/11/01;"I"
"4738315";1500.00;0.00;1237.94;"99";/  /;"030200683";1996/11/01;"A"
"4384481";0.00;0.00;0.00;"99";1999/12/31;"040200723";1996/11/01;"I"
"2910231";0.00;0.00;0.00;"99";1999/12/31;"100100208";1996/12/01;"I"
"2918204";350.00;0.00;1203.64;"99";/  /;"010300515";1996/12/01;"A"
"5950701";5.00;0.00;699.14;"99";/  /;"100901044";1996/12/01;"A"
"9115219";1.00;0.00;394.72;"99";/  /;"010100709";1996/12/01;"A"
"10776168";0.00;3555.18;0.00;"99";1904/08/31;"010301323";1997/01/01;"I"
"5666251";300.00;0.00;12744.27;"99";/  /;"040301317";1997/01/01;"A"
"3315684";800.00;24187.48;9324.77;"99";1904/08/31;"010301319";1997/01/01;"A"
"3855588";3.00;0.00;1186.52;"99";/  /;"060300163";1997/01/01;"A"
"992456";5.00;0.00;1945.02;"99";/  /;"030200609";1997/01/01;"A"
"9627175";50.00;0.00;3316.63;"99";/  /;"010101267";1997/01/01;"A"
"7556042";0.00;0.00;593.75;"99";/  /;"030200952";1997/01/01;"A"
"4658847";300.00;0.00;2813.95;"99";/  /;"010300279";1997/01/01;"A"
"8006401";1.00;0.00;383.28;"99";/  /;"010601320";1997/02/01;"A"
"4069153";0.00;0.00;2147.13;"99";/  /;"010501322";1997/02/01;"I"
"5205239";0.00;0.00;0.00;"99";1999/12/31;"040201161";1997/02/01;"I"
"7434834";1.00;0.00;389.81;"99";/  /;"040201160";1997/02/01;"A"
"9116078";0.00;1413.84;0.00;"99";1904/08/31;"040201122";1997/02/01;"I"
"3664600";1000.00;0.00;2295.61;"99";/  /;"030100718";1997/02/01;"A"
"7465818";0.00;0.00;0.00;"99";1999/12/31;"060300645";1997/02/01;"I"
"4378940";0.00;0.00;958.46;"99";/  /;"100100228";1997/02/01;"I"
"10956824";0.00;0.00;0.00;"99";1999/12/31;"010200947";1997/02/01;"I"
"7368750";50.00;0.00;3054.11;"99";/  /;"040201239";1997/02/01;"A"
"7403327";1.00;0.00;168.80;"99";/  /;"070701326";1997/03/01;"A"
"9620561";30.00;0.00;3488.83;"99";/  /;"010301328";1997/03/01;"A"
"9625263";1.00;0.00;384.10;"99";/  /;"010301327";1997/03/01;"A"
"5254929";5.00;0.00;1028.20;"99";/  /;"040201256";1997/03/01;"A"
"11260566";0.00;550.72;0.00;"99";1904/08/31;"010100834";1997/03/01;"I"
"2917496";0.00;0.00;822.92;"99";/  /;"010100043";1997/03/01;"I"
"2910541";0.00;3758.22;0.00;"99";1904/08/31;"010100389";1997/03/01;"I"
"2915965";100.00;0.00;4534.65;"99";/  /;"100300213";1997/03/01;"A"
"6573489";0.00;1342.77;0.00;"99";1904/08/31;"010100635";1997/03/01;"I"
"7223929";0.00;0.00;0.00;"99";1999/12/31;"030101186";1997/04/01;"I"
"12704351";2.00;0.00;744.47;"99";/  /;"090600733";1997/04/01;"A"
"7305575";1.00;0.00;372.24;"99";/  /;"010100902";1997/04/01;"A"
"7366404";3000.00;0.00;2865.05;"99";/  /;"010101000";1997/04/01;"A"
"11788585";1.00;0.00;373.46;"99";/  /;"100101333";1997/05/01;"A"
"7405546";5.00;0.00;1254.13;"99";/  /;"010301329";1997/05/01;"A"
"962709";0.00;0.00;609.07;"99";/  /;"100400575";1997/05/01;"I"
"7412232";0.00;2531.66;0.00;"99";1904/08/31;"010301050";1997/05/01;"I"
"8059141";0.00;0.00;0.00;"99";1999/12/31;"050701069";1997/05/01;"I"
"11881616";0.00;0.00;0.00;"99";1999/12/31;"040201023";1997/05/01;"I"
"4731580";0.00;1280.93;0.00;"99";1904/08/31;"010400497";1997/05/01;"I"
"7436519";1.00;0.00;366.97;"99";/  /;"050801276";1997/05/01;"A"
"3319197";0.00;0.00;712.83;"99";/  /;"080100439";1997/05/01;"I"
"9629367";2000.00;0.00;2228.06;"99";1999/12/31;"030201021";1997/06/03;"A"
"7397321";0.00;0.00;0.00;"99";1999/12/31;"010100456";1997/06/03;"I"
"7331755";10000.00;0.00;10059.07;"99";/  /;"040400727";1997/06/03;"A"
"3862402";0.00;3027.85;0.00;"99";1904/08/31;"060300869";1997/06/03;"I"
"7462845";0.00;0.00;0.00;"99";1999/12/31;"050200908";1997/06/03;"I"
"4073357";0.00;0.00;0.00;"99";1999/12/31;"060300248";1997/06/03;"I"
"6358283";0.00;0.00;338.97;"99";/  /;"040301260";1997/06/03;"I"
"3081311";100.00;0.00;3660.51;"99";/  /;"060400173";1997/06/03;"A"
"4720255";0.00;0.00;1304.62;"99";/  /;"030300395";1997/06/03;"A"
"10956794";30.00;0.00;1551.83;"99";1999/12/31;"070100479";1997/07/01;"A"
"6932414";1.00;0.00;363.16;"99";/  /;"100401337";1997/07/01;"A"
"7300140";0.00;0.00;0.00;"99";1999/12/31;"090500442";1997/07/01;"I"
"3044073";100.00;0.00;2873.94;"99";/  /;"010200370";1997/07/01;"A"
"5246899";0.00;2442.21;0.00;"99";1904/08/31;"010100220";1997/07/01;"I"
"2176521";0.00;0.00;0.00;"99";/  /;"070500196";1997/07/01;"I"
"10842503";60.00;0.00;3838.75;"99";/  /;"030200703";1997/07/01;"A"
"4380819";0.00;3108.04;0.00;"99";1904/08/31;"070500195";1997/07/01;"I"
"7864401";0.00;0.00;0.00;"99";1999/12/31;"070501231";1997/07/01;"I"
"3322184";0.00;6294.59;708408.24;"99";1904/08/31;"010200617";1997/07/01;"I"
"9621096";0.00;2724.50;0.00;"99";1904/08/31;"010101202";1997/07/01;"I"
"11877964";0.00;0.00;0.00;"99";1999/12/31;"060100931";1997/07/01;"I"
"7347459";200.00;0.00;344.78;"99";/  /;"010400656";1997/07/01;"A"
"7438815";1000.00;0.00;6474.46;"99";/  /;"100100942";1997/07/01;"A"
"2536919";0.00;4958.79;0.00;"99";1904/08/31;"030200286";1997/07/01;"I"
"3533233";10000.00;0.00;348.49;"99";/  /;"010100018";1997/07/01;"A"
"7310726";0.00;2812.66;0.00;"99";1904/08/31;"010401342";1997/08/01;"I"
"12434290";5.00;0.00;708.27;"99";/  /;"010101346";1997/08/01;"A"
"7425300";0.00;0.00;0.00;"99";1999/12/31;"050701344";1997/08/01;"I"
"7419422";2.00;0.00;716.66;"99";/  /;"010301350";1997/08/01;"A"
"13179882";0.00;357.11;0.00;"99";1904/08/31;"010701349";1997/08/01;"I"
"4271310";1.00;0.00;358.30;"99";/  /;"040301167";1997/08/01;"A"
"1236973";0.00;0.00;0.00;"99";1999/12/31;"040300331";1997/08/01;"I"
"4734741";1.00;0.00;355.31;"99";/  /;"040200299";1997/08/01;"A"
"7553325";1.00;0.00;353.62;"99";/  /;"030201354";1997/09/01;"A"
"3858311";5.00;0.00;1291.65;"99";/  /;"060100278";1997/09/01;"A"
"11264395";1.00;0.00;353.62;"99";/  /;"010201353";1997/09/01;"A"
"7302586";2.00;0.00;684.81;"99";/  /;"050200400";1997/10/01;"A"
"1245015";20.00;0.00;4164.23;"99";/  /;"100400259";1997/10/01;"A"
"5964223";1.00;0.00;337.78;"99";/  /;"010301358";1997/11/01;"A"
"7383862";0.00;1148.97;0.00;"99";1904/08/31;"010301359";1997/11/01;"I"
"7151287";1.00;0.00;344.27;"99";/  /;"030201362";1997/11/01;"A"
"2515167";5.00;0.00;765.28;"99";/  /;"090300452";1997/11/01;"A"
"2536801";0.00;0.00;0.00;"99";1999/12/31;"070100285";1997/11/01;"I"
"2725454";0.00;0.00;0.00;"99";1999/12/31;"050600242";1997/11/01;"I"
"7372572";30.00;0.00;1518.90;"99";1999/12/31;"070400961";1997/11/01;"A"
"10111501";15.00;0.00;1028.76;"99";/  /;"010101179";1997/11/01;"A"
"10779911";0.00;0.00;0.00;"99";1999/12/31;"030301013";1997/11/01;"I"
"4071774";0.00;0.00;0.00;"99";1999/12/31;"030200950";1997/11/01;"I"
"7321982";2.00;0.00;679.59;"99";/  /;"100401364";1997/12/01;"A"
"642444";0.00;3368.52;0.00;"99";1904/08/31;"040301373";1997/12/01;"I"
"12080553";1.00;0.00;339.80;"99";/  /;"090201365";1997/12/01;"A"
"7326329";1.00;0.00;339.80;"99";/  /;"010301368";1997/12/01;"A"
"8184812";5.00;0.00;1699.08;"99";/  /;"010301366";1997/12/01;"A"
"7357477";3.00;0.00;1019.43;"99";/  /;"030201367";1997/12/01;"A"
"8003143";1.00;0.00;339.80;"99";/  /;"010101370";1997/12/01;"A"
"2822781";100.00;0.00;5806.73;"99";/  /;"030300843";1997/12/01;"A"
"3540482";0.00;1052.76;0.00;"99";1904/08/31;"010600265";1997/12/01;"I"
"3857806";500.00;0.00;4183.04;"99";/  /;"010100860";1997/12/01;"A"
"4072865";0.00;1122.84;0.00;"99";1904/08/31;"040201234";1997/12/01;"I"
"7447673";0.00;0.00;4114.95;"99";1999/12/31;"050501194";1998/01/19;"I"
"5257331";400.00;0.00;6234.38;"99";/  /;"010100014";1998/01/19;"A"
"7411376";2.00;0.00;362.47;"99";/  /;"010300920";1998/01/19;"A"
"11026365";0.00;0.00;0.00;"99";1999/09/30;"050600853";1998/01/19;"I"
"3063888";1000.00;0.00;1976.77;"99";/  /;"030200831";1998/01/19;"A"
"11036781";5.00;0.00;1199.74;"99";/  /;"050801275";1998/03/01;"A"
"6118163";100.00;0.00;100.68;"99";1999/12/31;"050101254";1998/03/01;"A"
"2912819";50.00;0.00;1970.10;"99";/  /;"040200124";1998/03/01;"A"
"3314319";7.00;0.00;1064.44;"99";/  /;"010100615";1998/03/01;"A"
"10131286";1000.00;0.00;3875.89;"99";1999/12/31;"010301378";1998/03/01;"A"
"11883310";5000.00;0.00;3262.50;"99";/  /;"100801375";1998/03/01;"A"
"7367202";6.00;0.00;1310.72;"99";/  /;"040201374";1998/03/01;"A"
"9805442";0.00;1427.75;0.00;"99";1904/08/31;"100101382";1998/03/01;"I"
"7438171";1.00;0.00;323.21;"99";/  /;"010101381";1998/03/31;"A"
"11695484";5.00;0.00;1632.16;"99";/  /;"090801386";1998/03/31;"A"
"4721729";1.00;0.00;323.21;"99";/  /;"030201380";1998/03/31;"A"
"3540358";300.00;0.00;4110.56;"99";/  /;"060100580";1998/03/31;"A"
"2532632";0.00;0.00;295.62;"99";/  /;"040300231";1998/03/31;"A"
"10773707";0.00;0.00;0.00;"99";1999/12/31;"050501401";1998/06/30;"I"
"4411774";5.00;0.00;1180.21;"99";/  /;"030400968";1998/06/30;"A"
"3558011";1.00;0.00;308.55;"99";/  /;"010300198";1998/06/30;"A"
"3318930";3.00;0.00;913.71;"99";/  /;"010101403";1998/07/01;"A"
"9850067";3.00;0.00;235.54;"99";/  /;"040201150";1998/07/01;"A"
"1263324";200.00;0.00;3586.02;"99";/  /;"010100387";1998/07/01;"A"
"2596519";0.00;0.00;0.00;"99";1999/12/31;"010300812";1998/07/01;"I"
"4721423";0.00;0.00;0.00;"99";/  /;"040200281";1998/07/01;"I"
"429419";0.00;955.48;0.00;"99";1904/08/31;"010401420";1998/07/01;"I"
"4474064";50.00;0.00;2605.00;"99";/  /;"040300232";1998/07/01;"A"
"4383957";200.00;0.00;1282.36;"99";/  /;"010100390";1998/08/01;"A"
"11593903";0.00;0.00;417.45;"99";/  /;"100501414";1998/08/01;"A"
"3084063";0.00;0.00;271.66;"99";/  /;"070100181";1998/08/01;"A"
"2602276";1.00;0.00;303.49;"99";/  /;"070301422";1998/09/01;"A"
"2378746";0.00;0.00;599.36;"99";/  /;"100401421";1998/10/01;"I"
"11879678";100.00;0.00;996.12;"99";/  /;"050201426";1998/10/01;"A"
"12701368";0.00;0.00;299.70;"99";/  /;"010601427";1998/10/01;"I"
"3706125";0.00;4087.03;0.00;"99";1904/08/31;"010500292";1998/10/01;"I"
"7407933";500.00;0.00;2789.51;"99";/  /;"050300928";1998/10/01;"A"
"9611372";1.00;0.00;295.91;"99";/  /;"051001430";1998/11/02;"A"
"10845809";0.00;867.17;0.00;"99";1904/08/31;"051001439";1998/11/02;"I"
"11879533";1.00;0.00;295.91;"99";/  /;"010501436";1998/11/02;"A"
"6214201";0.00;0.00;0.00;"99";1999/12/31;"060300781";1998/11/02;"I"
"7445926";0.00;2601.50;0.00;"99";1904/08/31;"060100912";1998/11/02;"I"
"4066256";0.00;0.00;0.00;"99";1999/12/31;"060100271";1998/11/02;"I"
"4070387";20.00;0.00;2098.73;"99";/  /;"050200401";1998/11/02;"A"
"4387618";0.00;0.00;0.00;"99";1904/06/30;"030300427";1998/11/02;"I"
"2534181";50.00;0.00;5844.45;"99";/  /;"010400091";1998/11/02;"A"
"7308067";0.00;0.00;0.00;"99";1999/12/31;"040200805";1998/11/02;"I"
"3086993";100.00;0.00;3528.57;"99";/  /;"060400338";1998/11/02;"A"
"7384776";0.00;0.00;611.56;"99";/  /;"010501435";1998/11/02;"I"
"7355184";0.00;0.00;198.35;"99";/  /;"010101343";1998/11/02;"I"
"12435493";0.00;0.00;0.00;"99";1999/12/31;"010501449";1998/12/01;"I"
"14695589";300.00;0.00;2457.35;"99";/  /;"010101455";1998/12/01;"A"
"11263234";1.00;0.00;288.92;"99";/  /;"010201454";1998/12/01;"A"
"12241176";1.00;0.00;292.09;"99";/  /;"010501442";1998/12/01;"A"
"14877430";0.00;0.00;0.00;"99";1999/12/31;"010601459";1998/12/01;"I"
"12700889";100.00;0.00;4610.85;"99";/  /;"050301463";1998/12/01;"A"
"7322080";1.00;0.00;292.09;"99";/  /;"010301467";1998/12/01;"A"
"11790299";1.00;0.00;292.09;"99";/  /;"050901457";1998/12/01;"A"
"9626206";2.00;0.00;326.54;"99";/  /;"050401453";1998/12/01;"A"
"10765762";5.00;0.00;327.09;"99";/  /;"010201441";1998/12/01;"A"
"4734543";0.00;0.00;0.00;"99";1999/12/31;"030300381";1998/12/01;"I"
"9542139";1.00;0.00;292.09;"99";/  /;"010401470";1998/12/01;"A"
"9638845";10.00;0.00;706.58;"99";/  /;"050401483";1998/12/01;"A"
"13567390";100.00;0.00;1680.15;"99";/  /;"010101482";1998/12/01;"A"
"4197253";1.00;0.00;292.09;"99";/  /;"030301476";1998/12/01;"A"
"3783791";0.00;0.00;0.00;"99";1999/12/31;"050500726";1999/02/02;"I"
"7364945";1.00;0.00;278.83;"99";/  /;"050401497";1999/02/02;"A"
"5366155";200.00;0.00;555.81;"99";/  /;"010400895";1999/02/02;"A"
"9999999990";0.00;46016.15;0.00;"99";1904/08/31;"909000000";1998/10/01;"I"
"9613445";0.00;325.40;0.00;"99";1904/08/31;"010101493";1999/02/02;"I"
"3538617";60.00;0.00;3903.23;"99";/  /;"010401502";1999/02/02;"A"
"5258909";5.00;0.00;1409.78;"99";/  /;"030300876";1999/02/02;"A"
"10845437";0.00;3930.21;803.44;"99";1904/08/31;"010101478";1999/02/02;"A"
"4662712";1.00;0.00;275.49;"99";/  /;"010300837";1999/02/02;"A"
"7360955";5.00;0.00;1393.33;"99";/  /;"010201203";1999/04/01;"A"
"4612036";0.00;1734.70;0.68;"99";1904/08/31;"070100603";1999/04/01;"A"
"7443389";200.00;0.00;0.00;"99";1999/12/31;"051001466";1999/04/01;"A"
"4069676";0.00;1533.84;0.00;"99";1904/08/31;"070200649";1999/04/01;"I"
"3087946";1.00;0.00;275.49;"99";/  /;"010300346";1999/05/01;"A"
"7395604";0.00;3741.14;0.00;"99";1904/08/31;"010501503";1999/05/01;"I"
"11262523";0.00;0.00;0.00;"99";1999/12/31;"050501447";1999/05/01;"I"
"7376528";2.00;0.00;550.95;"99";/  /;"030201508";1999/05/01;"A"
"4735332";0.00;3741.14;0.00;"99";1904/08/31;"040201513";1999/05/01;"I"
"7380681";3.00;0.00;826.37;"99";/  /;"030301510";1999/05/01;"A"
"7453389";100.00;0.00;585.94;"99";/  /;"100100786";1999/06/01;"A"
"4073732";20.00;0.00;1487.46;"99";/  /;"010300066";1999/06/01;"A"
"3083986";20.00;0.00;872.87;"99";/  /;"010200487";1999/07/01;"A"
"3318087";50.00;0.00;3046.33;"99";/  /;"050800143";1999/07/01;"A"
"12250476";100.00;0.00;6061.87;"99";/  /;"030201522";1999/07/01;"A"
"2061152";0.00;0.00;0.00;"99";1999/12/31;"090500873";1999/07/01;"I"
"4528815";0.00;0.00;0.00;"99";/  /;"010500097";1999/07/01;"A"
"638730";2.00;0.00;532.16;"99";/  /;"020100489";1999/08/01;"A"
"4737037";5.00;0.00;939.53;"99";/  /;"030100490";1999/09/01;"A"
"1111033";0.00;3114.08;0.00;"99";1904/08/31;"010301212";1999/10/01;"I"
"4342433";0.00;0.00;0.00;"99";1999/12/31;"040200121";1999/10/01;"I"
"4729861";50.00;0.00;4340.76;"99";/  /;"060100161";1999/10/01;"A"
"3088515";0.00;3209.57;0.00;"99";1904/08/31;"080100341";1999/11/01;"I"
"6374075";2.00;0.00;514.41;"99";/  /;"090700473";1999/11/01;"A"
"3858890";4.00;0.00;501.32;"99";/  /;"050200466";1999/11/01;"A"
"3858479";150.00;0.00;1136.51;"99";/  /;"030300428";1999/11/01;"A"
"3862797";0.00;0.00;0.00;"99";1999/12/31;"080100437";1999/11/01;"I"
"5411118";0.00;0.00;0.00;"99";1999/12/31;"050200399";1999/11/01;"I"
"7316719";0.00;0.00;0.00;"99";1999/12/31;"040200430";1999/11/01;"I"
"3321385";2.00;0.00;508.54;"99";/  /;"060100150";1999/12/02;"A"
"7422543";0.00;0.00;243.89;"99";/  /;"010501523";1999/12/02;"A"
"8667918";100.00;1740.57;0.00;"99";1904/08/31;"010201525";1999/12/02;"A"
"3080468";2000.00;2967.98;0.00;"99";1904/08/31;"010400415";2000/02/01;"A"
"3978261";0.00;0.00;0.00;"99";1999/11/30;"050900987";2000/02/01;"I"
"11584865";0.00;0.00;0.00;"99";1904/07/31;"900101531";2000/03/01;"I"
"7325271";80.00;307.77;2932.60;"99";1904/08/31;"100101532";2000/03/01;"A"
"7403877";5.00;0.00;1231.05;"99";/  /;"010301536";2000/03/01;"A"
"14591175";2.00;0.00;308.90;"99";/  /;"010401529";2000/03/01;"A"
"10753002";0.00;1282.85;0.00;"99";1904/08/31;"010101534";2000/03/01;"I"
"11783881";0.00;0.00;243.17;"99";/  /;"100101535";2000/03/01;"A"
"14269328";0.00;0.00;0.00;"99";1999/12/31;"010201509";2000/03/01;"I"
"3089939";5.00;0.00;922.61;"99";/  /;"010100614";2000/03/01;"A"
"7421662";0.00;0.00;0.00;"99";1999/12/31;"030300804";2000/03/01;"I"
"3083248";20.00;0.00;4019.79;"99";/  /;"010100029";2000/03/01;"A"
"7438357";0.00;0.00;0.00;"99";1999/12/31;"100100672";2000/04/10;"I"
"15730751";0.00;0.00;0.00;"99";1999/12/31;"010501540";2000/04/10;"I"
"4582715";1.00;0.00;243.60;"99";/  /;"030301539";2000/04/10;"A"
"12242715";0.00;0.00;0.00;"99";/  /;"010601541";2000/04/10;"I"
"7416752";0.00;0.00;114.07;"99";/  /;"030301538";2000/04/10;"A"
"7500225";0.00;2813.77;0.00;"99";1904/08/31;"070701242";2000/04/10;"I"
"5250041";0.00;0.00;0.00;"99";1999/12/31;"060300052";2000/05/01;"I"
"3082721";5.00;0.00;934.81;"99";/  /;"040201001";2000/05/01;"A"
"9541210";10.00;0.00;2410.39;"99";/  /;"040301542";2000/05/01;"A"
"12331960";5.00;0.00;846.12;"99";/  /;"010801546";2000/05/01;"A"
"13990605";0.00;1095.70;0.00;"99";1904/08/31;"010101552";2000/05/01;"I"
"9617131";50.00;0.00;2510.36;"99";/  /;"090700770";2000/06/01;"A"
"4733929";100.00;0.00;5229.11;"99";/  /;"100100209";2000/07/31;"A"
"8510463";5.00;0.00;1180.27;"99";/  /;"030201261";2000/07/31;"A"
"6448504";5.00;0.00;1180.27;"99";/  /;"010201416";2000/07/31;"A"
"7404195";1500.00;0.00;1432.23;"99";/  /;"040401553";2000/07/31;"A"
"10774212";2.00;0.00;472.15;"99";/  /;"100101554";2000/07/31;"A"
"5243094";0.00;2522.57;0.00;"99";1904/08/31;"010200509";2000/08/01;"I"
"5137926";0.00;0.00;1042.57;"99";/  /;"040201270";2000/08/01;"I"
"11260767";0.00;1644.32;0.00;"99";1904/08/31;"030201557";2000/08/02;"I"
"15448132";0.00;1331.57;0.00;"99";1904/08/31;"010401562";2000/08/02;"I"
"10597277";1000.00;0.00;3957.52;"99";/  /;"050601565";2000/08/02;"A"
"14094909";0.00;3872.55;0.00;"99";1904/08/31;"060301556";2000/08/02;"I"
"4731693";1.00;0.00;233.64;"99";/  /;"050101070";2000/08/02;"A"
"8942018";1500.00;0.00;1808.84;"99";/  /;"010101347";2000/09/30;"A"
"10143959";0.00;0.00;0.00;"99";/  /;"030100817";2000/11/27;"I"
"7415078";5.00;0.00;788.10;"99";/  /;"100101199";2000/11/27;"A"
"3628625";2.00;0.00;453.14;"99";/  /;"050500451";2000/11/27;"A"
"7316649";0.00;0.00;0.00;"99";/  /;"050200333";2000/11/27;"I"
"7416422";100.00;0.00;845.24;"99";/  /;"010300890";2000/11/27;"A"
"9603416";10000.00;0.00;2256.44;"99";/  /;"010100755";2000/11/27;"A"
"7985862";0.00;1391.56;0.00;"99";1904/08/31;"050301496";2000/11/27;"I"
"7393772";5.00;0.00;1133.06;"99";/  /;"010101185";2000/11/27;"A"
"11582073";2.00;0.00;453.17;"99";/  /;"070500665";2000/11/27;"A"
"4478843";0.00;2319.27;0.00;"99";1904/08/31;"010100034";2000/11/27;"I"
"15228930";2.00;0.00;309.71;"99";/  /;"010401567";2000/11/27;"A"
"10106823";500.00;0.00;1948.68;"99";/  /;"010401568";2000/11/27;"A"
"6551318";2.00;0.00;453.17;"99";/  /;"040301569";2000/11/27;"A"
"9263488";1000.00;1488.16;0.00;"99";1904/08/31;"010601570";2000/11/27;"A"
"7711678";20.00;0.00;2737.71;"99";/  /;"010501571";2000/11/27;"A"
"4379611";5.00;0.00;1133.06;"99";/  /;"010101573";2000/11/27;"A"
"7396279";3.00;0.00;679.83;"99";/  /;"030301576";2000/11/27;"A"
"13264263";0.00;927.71;0.00;"99";1904/08/31;"010401577";2000/11/27;"I"
"12691379";1.00;0.00;226.64;"99";/  /;"010201578";2000/11/27;"A"
"9572246";0.00;2319.27;0.00;"99";1904/08/31;"010801579";2000/11/27;"I"
"7329457";2.00;0.00;453.14;"99";/  /;"010300713";2000/11/27;"A"
"7391545";0.00;0.00;0.00;"99";/  /;"010601164";2000/11/27;"I"
"9554996";500.00;0.00;6289.80;"99";/  /;"010301582";2001/01/23;"A"
"9600700";0.00;877.09;0.00;"99";1904/08/31;"050801583";2001/01/23;"I"
"14826645";0.00;0.00;57.60;"99";/  /;"010401587";2001/01/23;"I"
"10504626";20.00;0.00;2388.48;"99";/  /;"060301586";2001/01/23;"A"
"9547520";0.00;1602.48;0.00;"99";1904/08/31;"010101379";2001/02/26;"I"
"7378753";50.00;0.00;1938.18;"99";/  /;"050101511";2001/02/26;"A"
"9610351";0.00;4263.53;0.00;"99";1904/08/31;"070401208";2001/02/26;"I"
"2111928";0.00;0.00;0.00;"99";/  /;"030101589";2001/02/26;"I"
"2225817";5.00;0.00;1090.37;"99";/  /;"010300069";2001/03/18;"A"
"4919384";0.00;0.00;0.00;"99";/  /;"010100886";2001/03/18;"I"
"11877881";5000.00;0.00;7103.89;"99";/  /;"100801281";2001/03/18;"A"
"3534091";50.00;0.00;3221.55;"99";/  /;"010100450";2001/04/20;"A"
"7414668";2.00;0.00;432.01;"99";/  /;"060501590";2001/04/20;"A"
"12241480";5.00;0.00;1045.95;"99";/  /;"030201591";2001/04/20;"A"
"4725304";0.00;0.00;1.70;"99";/  /;"060300250";2001/06/25;"I"
"4738280";0.00;3781.72;0.00;"99";1904/08/31;"010200055";2001/06/25;"I"
"13408167";0.00;0.00;0.00;"99";/  /;"100101491";2001/06/25;"I"
"15666478";0.00;0.00;0.00;"99";/  /;"100101593";2001/07/20;"I"
"13921330";2.00;0.00;419.76;"99";/  /;"010101594";2001/07/20;"A"
"10847393";50.00;0.00;1241.78;"99";/  /;"100101595";2001/07/20;"A"
"12761502";1.00;0.00;209.89;"99";/  /;"010601596";2001/07/20;"A"
"9617198";100.00;0.00;666.51;"99";/  /;"040301597";2001/07/20;"A"
"7454304";5.00;0.00;1106.70;"99";/  /;"040201433";2001/08/20;"A"
"3876910";0.00;1608.55;0.00;"99";1904/08/31;"070200829";2001/11/15;"I"
"9388103";0.00;1450.68;0.00;"99";1904/08/31;"010300758";2002/01/15;"I"
"5237939";0.00;3482.36;0.00;"99";1904/08/31;"010600963";2002/01/15;"I"
"4066602";5.00;0.00;983.29;"99";/  /;"030300986";2002/02/15;"A"
"11883520";0.00;1447.57;0.00;"99";1904/08/31;"010501519";2002/02/15;"I"
"14826321";1.00;0.00;195.73;"99";/  /;"010201611";2002/02/15;"A"
"15427670";1.00;0.00;196.68;"99";/  /;"100101610";2002/02/15;"A"
"12241605";0.00;1447.57;0.00;"99";1904/08/31;"010501609";2002/02/15;"I"
"12241276";0.00;289.51;0.00;"99";1904/08/31;"010401608";2002/02/15;"I"
"15264240";200.00;0.00;292.92;"99";/  /;"010401606";2002/02/15;"A"
"10762034";2.00;0.00;393.31;"99";/  /;"020101605";2002/02/15;"A"
"11264165";100.00;0.00;2870.64;"99";/  /;"100101600";2002/02/15;"A"
"15729563";1.00;0.00;196.68;"99";/  /;"010301601";2002/02/15;"A"
"7390231";1.00;0.00;196.68;"99";/  /;"010401602";2002/02/15;"A"
"11433199";5.00;0.00;983.31;"99";/  /;"010301603";2002/02/15;"A"
"7469299";0.00;1447.57;0.00;"99";1904/08/31;"030201604";2002/02/15;"I"
"9700405";1000.00;0.00;2846.77;"99";/  /;"010301461";2002/03/15;"A"
"7364900";2000.00;0.00;965.13;"99";/  /;"010300921";2002/04/21;"A"
"12883157";1.00;0.00;191.28;"99";/  /;"010801612";2002/05/20;"A"
"7985978";1.00;0.00;189.45;"99";/  /;"010301613";2002/06/20;"A"
"14512434";0.00;0.00;1894.61;"99";/  /;"010201614";2002/06/20;"I"
"7433111";0.00;0.00;431.10;"99";/  /;"040301615";2002/06/20;"I"
"406759";0.00;0.00;0.00;"99";/  /;"050300528";2002/07/15;"I"
"3314373";0.00;0.00;0.00;"99";/  /;"070200190";2002/07/15;"I"
"2537768";10.00;0.00;1824.45;"99";/  /;"030300953";2002/10/20;"A"
"5254904";0.00;0.00;0.00;"99";/  /;"070400282";2002/11/21;"I"
"4384030";20.00;0.00;3566.44;"99";/  /;"040200464";2002/12/15;"A"
"3791053";0.00;1673.56;0.00;"99";1904/08/31;"060300164";2003/02/20;"I"
"2879546";0.00;0.00;1430.04;"99";/  /;"060400171";2003/04/15;"I"
"7427109";0.00;513.48;0.00;"99";1904/08/31;"100101628";2003/04/16;"I"
"11585970";1.00;0.00;172.39;"99";/  /;"070601626";2003/04/16;"A"
"12247985";2.00;0.00;344.74;"99";/  /;"100101625";2003/04/16;"A"
"13867590";5.00;0.00;861.88;"99";/  /;"030201623";2003/04/16;"A"
"12727130";5.00;0.00;861.88;"99";/  /;"010301624";2003/04/16;"A"
"1274044";0.00;0.00;0.00;"99";/  /;"010400354";2003/06/21;"I"
"9848726";0.00;597.74;0.00;"99";1904/08/31;"010201618";2003/07/21;"I"
"943163";0.00;1195.47;0.00;"99";1904/08/31;"010400394";2003/07/21;"I"
"4073625";0.00;0.00;495.23;"99";/  /;"010500542";2003/11/16;"I"
"4729039";100.00;1016.76;4195.79;"99";1904/08/31;"051000457";2003/12/20;"A"
"4383551";50.00;0.00;4079.36;"99";/  /;"040200115";2004/04/22;"A"
"9999999991";0.00;0.00;0.00;"99";1904/08/31;"909000001";2004/10/21;"I"
"7437705";0.00;519.51;0.00;"99";1904/08/31;"902003600";2004/10/21;"I"
"7402957";0.00;531.37;0.00;"99";1904/08/31;"902003800";2004/10/21;"I"
"2600599";0.00;13288.59;13287.98;"99";1904/08/31;"010300079";2004/10/22;"I"
"1270286";0.00;0.00;1393.57;"99";/  /;"030200296";2005/01/15;"I"
"3542871";200.00;0.00;7578.58;"99";/  /;"040200116";2005/10/15;"A"
"7448260";0.00;0.00;166.39;"99";/  /;"060301652";2005/10/15;"I"
"9627775";5000.00;0.00;3271.35;"99";/  /;"010301665";2006/11/15;"A"
"5261859";1500.00;0.00;7199.20;"99";/  /;"010200344";2007/01/15;"A"
"14405834";0.00;0.00;1285.32;"99";/  /;"100101670";2007/02/15;"I"
"15171141";50.00;0.00;2034.47;"99";/  /;"060101676";2007/02/15;"A"
"15265564";20.00;0.00;1458.68;"99";/  /;"010601677";2007/02/12;"A"
"4375904";0.00;0.00;0.00;"99";/  /;"070500197";2007/07/15;"I"
"4413944";40.00;0.00;3901.32;"99";/  /;"030301679";2007/07/15;"A"
"7415837";100.00;0.00;1448.23;"99";/  /;"060300589";2007/06/26;"A"
"15352276";50.00;0.00;3000.63;"99";/  /;"010401683";2007/08/15;"A"
"4380564";1000.00;0.00;224.57;"99";/  /;"050300610";2007/09/15;"A"
"7350046";100.00;0.00;4976.29;"99";/  /;"020100585";2007/11/16;"A"
"3440849";20.00;0.00;1849.79;"99";/  /;"030400268";2007/12/15;"A"
"4191395";0.00;0.00;9.11;"99";/  /;"060501407";2007/12/15;"I"
"7406485";80.00;0.00;3042.93;"99";/  /;"010401371";2008/04/15;"A"
"5931461";0.00;0.00;478.18;"99";/  /;"060101243";2008/06/15;"A"
"4378918";50.00;0.00;4200.92;"99";/  /;"050900129";2008/07/15;"A"
"13196732";0.00;0.00;1780.31;"99";/  /;"010801697";2008/08/15;"I"
"5250498";20.00;0.00;1560.99;"99";/  /;"030301301";2008/12/15;"A"
"3085663";300.00;0.00;2164.95;"99";/  /;"100300277";2008/12/15;"A"
"9615132";50.00;0.00;3784.58;"99";/  /;"010201671";2009/02/15;"A"
"12850839";0.00;0.00;1029.39;"99";/  /;"040301704";2009/02/15;"A"
"11582442";300.00;0.00;3726.04;"99";/  /;"030201712";2009/03/16;"A"
"4738543";20.00;0.00;1467.01;"99";/  /;"010601240";2009/04/16;"A"
"12249505";10.00;0.00;721.87;"99";/  /;"070101721";2009/05/15;"A"
"12023133";50.00;0.00;1528.81;"99";/  /;"100101720";2009/05/15;"A"
"15264849";150.00;0.00;1575.87;"99";/  /;"040301641";2009/06/12;"A"
"13306105";200.00;0.00;2426.97;"99";/  /;"040301355";2009/06/12;"A"
"11784143";10.00;0.00;675.42;"99";/  /;"010301727";2009/09/16;"A"
"11598017";50.00;0.00;3377.10;"99";/  /;"100101617";2009/09/16;"A"
"13651067";500.00;0.00;3386.10;"99";/  /;"100101732";2009/12/15;"A"
"9212207";80.00;0.00;736.34;"99";/  /;"040301413";2010/04/15;"A"
"11586939";1500.00;0.00;2949.90;"99";/  /;"010801736";2010/04/15;"A"
"10962819";0.00;0.00;282.09;"99";/  /;"050500879";2010/04/15;"I"
"4728099";0.00;0.00;20.96;"99";/  /;"030200295";2010/05/15;"A"
"14750838";40.00;0.00;1656.94;"99";/  /;"010301737";2010/05/15;"A"
"14590342";120.00;0.00;5822.72;"99";/  /;"080101738";2010/05/15;"A"
"2543525";50.00;0.00;2864.14;"99";/  /;"010100033";2010/06/15;"A"
"3483516";140.00;0.00;7707.05;"99";/  /;"030300297";2010/08/31;"A"
"8510080";0.00;0.00;0.00;"99";/  /;"040301488";2010/11/30;"I"
"12704669";0.00;0.00;40.11;"99";/  /;"100101747";2010/11/30;"I"
"7387319";0.00;0.00;5494.80;"99";/  /;"010201157";2011/01/18;"I"
"9610979";1000.00;0.00;4735.92;"99";/  /;"040200967";2011/03/31;"A"
"12703011";50.00;0.00;2367.96;"99";/  /;"050301834";2011/03/31;"A"
"7367387";0.00;0.00;0.00;"99";/  /;"010501147";2011/06/15;"I"
"7318317";20.00;0.00;839.16;"99";/  /;"100102037";2011/08/15;"A"
"13269102";500.00;0.00;1376.70;"99";/  /;"040301746";2011/11/15;"A"
"12535213";100.00;0.00;3770.52;"99";/  /;"100101462";2011/12/31;"A"
"3857225";100.00;0.00;3770.52;"99";/  /;"100101083";2011/12/31;"A"
"9622182";1000.00;0.00;4524.61;"99";/  /;"100101693";2011/12/31;"A"
"8661537";100.00;0.00;3770.52;"99";/  /;"050401061";2011/12/31;"A"
"14031622";10000.00;0.00;3248.37;"99";/  /;"010401998";2012/05/15;"A"
"4064220";50.00;0.00;1285.08;"99";/  /;"040200377";2012/08/15;"A"
"7431797";200.00;0.00;4039.01;"99";/  /;"010201673";2012/11/15;"A"
"15767146";500.00;0.00;1315.21;"99";/  /;"100101936";2012/11/15;"A"
"9600521";100.00;0.00;2527.88;"99";/  /;"060101286";2012/12/14;"A"
"15228133";50.00;0.00;907.02;"99";/  /;"010301832";2013/07/15;"A"
"15351324";50.00;0.00;805.59;"99";/  /;"100101792";2013/09/16;"A"
"10712573";100.00;0.00;1509.85;"99";/  /;"070701850";2013/10/15;"A"
"15728686";150.00;0.00;2112.76;"99";/  /;"010501886";2013/11/15;"A"
"10845936";150.00;0.00;1961.12;"99";/  /;"051001110";2013/12/15;"A"
"12594308";300.00;0.00;1307.41;"99";/  /;"100102002";2013/12/15;"A"
"13679805";120.00;0.00;1447.51;"99";/  /;"100102025";2014/01/15;"A"
"16749939";10000.00;0.00;1206.26;"99";/  /;"100101867";2014/01/15;"A"
"10775749";200.00;0.00;2412.52;"99";/  /;"010201762";2014/01/15;"A"
"11784714";100.00;0.00;702.15;"99";/  /;"010502193";2014/06/16;"A"
"11318872";0.00;0.00;3007.98;"99";/  /;"070701507";2014/07/15;"I"
"26846182";500.00;0.00;3007.98;"99";/  /;"100102194";2014/07/15;"A"
"18964765";1500.00;0.00;2505.58;"99";/  /;"010302035";2014/08/14;"A"
"13651169";1000.00;0.00;801.63;"99";/  /;"100101743";2014/09/30;"A"
"11433141";100.00;0.00;100.08;"99";/  /;"010101471";2014/12/31;"A"
"8883685";100.00;0.00;100.08;"99";/  /;"100501152";2014/12/31;"A"
"12019893";0.00;0.00;100.08;"99";/  /;"100101785";2014/12/31;"I"
"14810540";100.00;0.00;0.00;"99";/  /;"011102245";2015/04/30;"A"
"15666352";200.00;0.00;0.00;"99";/  /;"010602001";2015/06/15;"A"
"5323898";100.00;0.00;0.00;"99";/  /;"100200212";2015/06/15;"A"
"5344111";1000.00;0.00;0.00;"99";/  /;"010600293";2015/11/30;"A"
"15730847";300.00;0.00;0.00;"99";/  /;"010201680";2016/03/31;"A"
"9540302";300.00;0.00;0.00;"99";/  /;"070200512";2016/03/31;"A"
"9543388";300.00;0.00;0.00;"99";/  /;"010100035";2016/03/31;"A"
"7352503";500.00;0.00;0.00;"99";/  /;"050700600";2016/03/31;"A"
"15666128";4000.00;0.00;0.00;"99";/  /;"010601630";2016/06/15;"A"
"9378491";500.00;0.00;0.00;"99";/  /;"100701170";2016/11/30;"A"
"16899409";500.00;0.00;0.00;"99";/  /;"040101973";2016/11/30;"A"
"16532624";200.00;0.00;0.00;"99";/  /;"101002164";2016/11/30;"A"
"10368904";200.00;0.00;0.00;"99";/  /;"100101657";2016/11/30;"A"
"14593038";500.00;0.00;0.00;"99";/  /;"010401772";2016/11/30;"A"
"15307977";100.00;0.00;0.00;"99";/  /;"070701903";2016/11/30;"A"
"16088859";250.00;0.00;0.00;"99";/  /;"030202083";2016/11/30;"A"
"7439205";500.00;0.00;0.00;"99";/  /;"010501916";2017/01/31;"A"
"12701808";300.00;0.00;0.00;"99";/  /;"010101627";2017/01/31;"A"
"5539985";1000.00;0.00;0.00;"99";/  /;"010501087";2017/01/31;"A"
"8042617";1000.00;0.00;0.00;"99";/  /;"100101527";2017/01/31;"A"
"12706462";1000.00;0.00;0.00;"99";/  /;"010301868";2017/01/31;"A"
